layer,name,params,param_MB,activations,activation_MB,flops,time_ms,in_shape,out_shape,cum_params,cum_param_MB,cum_activation_MB,cum_flops,cum_time
0,Conv2d,590592,2.2529296875,150528,0.57421875,115605504.0,1.5862999971432146,"[[1, 3, 224, 224]]","[[1, 768, 14, 14]]",590592,2.2529296875,0.57421875,115605504.0,1.5862999971432146
1,Dropout,0,0.0,151296,0.5771484375,151296.0,0.047631998313590884,"[[1, 197, 768]]","[[1, 197, 768]]",590592,2.2529296875,1.1513671875,115756800.0,1.6339319954568055
2,LayerNorm,1536,0.005859375,151296,0.5771484375,151296.0,0.11796100079664029,"[[1, 197, 768]]","[[1, 197, 768]]",592128,2.2587890625,1.728515625,115908096.0,1.7518929962534457
4,Dropout,0,0.0,151296,0.5771484375,151296.0,0.06299699816736393,"[[1, 197, 768]]","[[1, 197, 768]]",592128,2.2587890625,2.3056640625,116059392.0,1.8148899944208097
5,LayerNorm,1536,0.005859375,151296,0.5771484375,151296.0,0.10650700278347358,"[[1, 197, 768]]","[[1, 197, 768]]",593664,2.2646484375,2.8828125,116210688.0,1.9213969972042833
6,Linear,2362368,9.01171875,605184,2.30859375,464781312.0,6.889748998219147,"[[1, 197, 768]]","[[1, 197, 3072]]",2956032,11.2763671875,5.19140625,580992000.0,8.81114599542343
7,GELU,0,0.0,605184,2.30859375,605184.0,0.45578299977933057,"[[1, 197, 3072]]","[[1, 197, 3072]]",2956032,11.2763671875,7.5,581597184.0,9.266928995202761
8,Dropout,0,0.0,605184,2.30859375,605184.0,0.05349800267140381,"[[1, 197, 3072]]","[[1, 197, 3072]]",2956032,11.2763671875,9.80859375,582202368.0,9.320426997874165
9,Linear,2360064,9.0029296875,151296,0.5771484375,464781312.0,5.288013999233954,"[[1, 197, 3072]]","[[1, 197, 768]]",5316096,20.279296875,10.3857421875,1046983680.0,14.608440997108119
10,Dropout,0,0.0,151296,0.5771484375,151296.0,0.027308000426273793,"[[1, 197, 768]]","[[1, 197, 768]]",5316096,20.279296875,10.962890625,1047134976.0,14.635748997534392
11,LayerNorm,1536,0.005859375,151296,0.5771484375,151296.0,0.10455200026626699,"[[1, 197, 768]]","[[1, 197, 768]]",5317632,20.28515625,11.5400390625,1047286272.0,14.74030099780066
13,Dropout,0,0.0,151296,0.5771484375,151296.0,0.046164001105353236,"[[1, 197, 768]]","[[1, 197, 768]]",5317632,20.28515625,12.1171875,1047437568.0,14.786464998906013
14,LayerNorm,1536,0.005859375,151296,0.5771484375,151296.0,0.12543399861897342,"[[1, 197, 768]]","[[1, 197, 768]]",5319168,20.291015625,12.6943359375,1047588864.0,14.911898997524986
15,Linear,2362368,9.01171875,605184,2.30859375,464781312.0,7.240978997288039,"[[1, 197, 768]]","[[1, 197, 3072]]",7681536,29.302734375,15.0029296875,1512370176.0,22.152877994813025
16,GELU,0,0.0,605184,2.30859375,605184.0,0.4320369989727624,"[[1, 197, 3072]]","[[1, 197, 3072]]",7681536,29.302734375,17.3115234375,1512975360.0,22.584914993785787
17,Dropout,0,0.0,605184,2.30859375,605184.0,0.03198800186510198,"[[1, 197, 3072]]","[[1, 197, 3072]]",7681536,29.302734375,19.6201171875,1513580544.0,22.61690299565089
18,Linear,2360064,9.0029296875,151296,0.5771484375,464781312.0,6.272074002481531,"[[1, 197, 3072]]","[[1, 197, 768]]",10041600,38.3056640625,20.197265625,1978361856.0,28.88897699813242
19,Dropout,0,0.0,151296,0.5771484375,151296.0,0.027657002647174522,"[[1, 197, 768]]","[[1, 197, 768]]",10041600,38.3056640625,20.7744140625,1978513152.0,28.916634000779595
20,LayerNorm,1536,0.005859375,151296,0.5771484375,151296.0,0.10874299914576113,"[[1, 197, 768]]","[[1, 197, 768]]",10043136,38.3115234375,21.3515625,1978664448.0,29.025376999925356
22,Dropout,0,0.0,151296,0.5771484375,151296.0,0.04588599767885171,"[[1, 197, 768]]","[[1, 197, 768]]",10043136,38.3115234375,21.9287109375,1978815744.0,29.071262997604208
23,LayerNorm,1536,0.005859375,151296,0.5771484375,151296.0,0.11111700223409571,"[[1, 197, 768]]","[[1, 197, 768]]",10044672,38.3173828125,22.505859375,1978967040.0,29.182379999838304
24,Linear,2362368,9.01171875,605184,2.30859375,464781312.0,7.948258997203084,"[[1, 197, 768]]","[[1, 197, 3072]]",12407040,47.3291015625,24.814453125,2443748352.0,37.13063899704139
25,GELU,0,0.0,605184,2.30859375,605184.0,0.4960810001648497,"[[1, 197, 3072]]","[[1, 197, 3072]]",12407040,47.3291015625,27.123046875,2444353536.0,37.62671999720624
26,Dropout,0,0.0,605184,2.30859375,605184.0,0.03289500091341324,"[[1, 197, 3072]]","[[1, 197, 3072]]",12407040,47.3291015625,29.431640625,2444958720.0,37.65961499811965
27,Linear,2360064,9.0029296875,151296,0.5771484375,464781312.0,6.3674769990029745,"[[1, 197, 3072]]","[[1, 197, 768]]",14767104,56.33203125,30.0087890625,2909740032.0,44.027091997122625
28,Dropout,0,0.0,151296,0.5771484375,151296.0,0.03045000266865827,"[[1, 197, 768]]","[[1, 197, 768]]",14767104,56.33203125,30.5859375,2909891328.0,44.05754199979128
29,LayerNorm,1536,0.005859375,151296,0.5771484375,151296.0,0.11097799870185554,"[[1, 197, 768]]","[[1, 197, 768]]",14768640,56.337890625,31.1630859375,2910042624.0,44.16851999849314
31,Dropout,0,0.0,151296,0.5771484375,151296.0,0.04379100209916942,"[[1, 197, 768]]","[[1, 197, 768]]",14768640,56.337890625,31.740234375,2910193920.0,44.21231100059231
32,LayerNorm,1536,0.005859375,151296,0.5771484375,151296.0,0.11635599730652757,"[[1, 197, 768]]","[[1, 197, 768]]",14770176,56.34375,32.3173828125,2910345216.0,44.328666997898836
33,Linear,2362368,9.01171875,605184,2.30859375,464781312.0,6.577000000106636,"[[1, 197, 768]]","[[1, 197, 3072]]",17132544,65.35546875,34.6259765625,3375126528.0,50.90566699800547
34,GELU,0,0.0,605184,2.30859375,605184.0,0.3995610022684559,"[[1, 197, 3072]]","[[1, 197, 3072]]",17132544,65.35546875,36.9345703125,3375731712.0,51.30522800027393
35,Dropout,0,0.0,605184,2.30859375,605184.0,0.030520997825078666,"[[1, 197, 3072]]","[[1, 197, 3072]]",17132544,65.35546875,39.2431640625,3376336896.0,51.33574899809901
36,Linear,2360064,9.0029296875,151296,0.5771484375,464781312.0,4.892503999144537,"[[1, 197, 3072]]","[[1, 197, 768]]",19492608,74.3583984375,39.8203125,3841118208.0,56.228252997243544
37,Dropout,0,0.0,151296,0.5771484375,151296.0,0.04113699833396822,"[[1, 197, 768]]","[[1, 197, 768]]",19492608,74.3583984375,40.3974609375,3841269504.0,56.26938999557751
38,LayerNorm,1536,0.005859375,151296,0.5771484375,151296.0,0.17376400137436576,"[[1, 197, 768]]","[[1, 197, 768]]",19494144,74.3642578125,40.974609375,3841420800.0,56.44315399695188
40,Dropout,0,0.0,151296,0.5771484375,151296.0,0.040089002141030505,"[[1, 197, 768]]","[[1, 197, 768]]",19494144,74.3642578125,41.5517578125,3841572096.0,56.48324299909291
41,LayerNorm,1536,0.005859375,151296,0.5771484375,151296.0,0.12913599857711233,"[[1, 197, 768]]","[[1, 197, 768]]",19495680,74.3701171875,42.12890625,3841723392.0,56.61237899767002
42,Linear,2362368,9.01171875,605184,2.30859375,464781312.0,7.3383369999646675,"[[1, 197, 768]]","[[1, 197, 3072]]",21858048,83.3818359375,44.4375,4306504704.0,63.95071599763469
43,GELU,0,0.0,605184,2.30859375,605184.0,0.4171610016783234,"[[1, 197, 3072]]","[[1, 197, 3072]]",21858048,83.3818359375,46.74609375,4307109888.0,64.36787699931301
44,Dropout,0,0.0,605184,2.30859375,605184.0,0.03289500091341324,"[[1, 197, 3072]]","[[1, 197, 3072]]",21858048,83.3818359375,49.0546875,4307715072.0,64.40077200022643
45,Linear,2360064,9.0029296875,151296,0.5771484375,464781312.0,5.019475000153761,"[[1, 197, 3072]]","[[1, 197, 768]]",24218112,92.384765625,49.6318359375,4772496384.0,69.42024700038019
46,Dropout,0,0.0,151296,0.5771484375,151296.0,0.030870000045979396,"[[1, 197, 768]]","[[1, 197, 768]]",24218112,92.384765625,50.208984375,4772647680.0,69.45111700042617
47,LayerNorm,1536,0.005859375,151296,0.5771484375,151296.0,0.11377099872333929,"[[1, 197, 768]]","[[1, 197, 768]]",24219648,92.390625,50.7861328125,4772798976.0,69.5648879991495
49,Dropout,0,0.0,151296,0.5771484375,151296.0,0.042253999708918855,"[[1, 197, 768]]","[[1, 197, 768]]",24219648,92.390625,51.36328125,4772950272.0,69.60714199885842
50,LayerNorm,1536,0.005859375,151296,0.5771484375,151296.0,0.11970800187555142,"[[1, 197, 768]]","[[1, 197, 768]]",24221184,92.396484375,51.9404296875,4773101568.0,69.72685000073398
51,Linear,2362368,9.01171875,605184,2.30859375,464781312.0,6.70166599957156,"[[1, 197, 768]]","[[1, 197, 3072]]",26583552,101.408203125,54.2490234375,5237882880.0,76.42851600030554
52,GELU,0,0.0,605184,2.30859375,605184.0,0.4284739989088848,"[[1, 197, 3072]]","[[1, 197, 3072]]",26583552,101.408203125,56.5576171875,5238488064.0,76.85698999921442
53,Dropout,0,0.0,605184,2.30859375,605184.0,0.03289500091341324,"[[1, 197, 3072]]","[[1, 197, 3072]]",26583552,101.408203125,58.8662109375,5239093248.0,76.88988500012783
54,Linear,2360064,9.0029296875,151296,0.5771484375,464781312.0,5.6028580002021044,"[[1, 197, 3072]]","[[1, 197, 768]]",28943616,110.4111328125,59.443359375,5703874560.0,82.49274300032994
55,Dropout,0,0.0,151296,0.5771484375,151296.0,0.03862199810100719,"[[1, 197, 768]]","[[1, 197, 768]]",28943616,110.4111328125,60.0205078125,5704025856.0,82.53136499843094
56,LayerNorm,1536,0.005859375,151296,0.5771484375,151296.0,0.10951100193778984,"[[1, 197, 768]]","[[1, 197, 768]]",28945152,110.4169921875,60.59765625,5704177152.0,82.64087600036873
58,Dropout,0,0.0,151296,0.5771484375,151296.0,0.0561520027986262,"[[1, 197, 768]]","[[1, 197, 768]]",28945152,110.4169921875,61.1748046875,5704328448.0,82.69702800316736
59,LayerNorm,1536,0.005859375,151296,0.5771484375,151296.0,0.17977099923882633,"[[1, 197, 768]]","[[1, 197, 768]]",28946688,110.4228515625,61.751953125,5704479744.0,82.87679900240619
60,Linear,2362368,9.01171875,605184,2.30859375,464781312.0,6.658923997747479,"[[1, 197, 768]]","[[1, 197, 3072]]",31309056,119.4345703125,64.060546875,6169261056.0,89.53572300015367
61,GELU,0,0.0,605184,2.30859375,605184.0,0.4027739996672608,"[[1, 197, 3072]]","[[1, 197, 3072]]",31309056,119.4345703125,66.369140625,6169866240.0,89.93849699982093
62,Dropout,0,0.0,605184,2.30859375,605184.0,0.0324059983540792,"[[1, 197, 3072]]","[[1, 197, 3072]]",31309056,119.4345703125,68.677734375,6170471424.0,89.970902998175
63,Linear,2360064,9.0029296875,151296,0.5771484375,464781312.0,5.024782996770227,"[[1, 197, 3072]]","[[1, 197, 768]]",33669120,128.4375,69.2548828125,6635252736.0,94.99568599494523
64,Dropout,0,0.0,151296,0.5771484375,151296.0,0.04337100108386949,"[[1, 197, 768]]","[[1, 197, 768]]",33669120,128.4375,69.83203125,6635404032.0,95.0390569960291
65,LayerNorm,1536,0.005859375,151296,0.5771484375,151296.0,0.16978399798972532,"[[1, 197, 768]]","[[1, 197, 768]]",33670656,128.443359375,70.4091796875,6635555328.0,95.20884099401883
67,Dropout,0,0.0,151296,0.5771484375,151296.0,0.04448899926501326,"[[1, 197, 768]]","[[1, 197, 768]]",33670656,128.443359375,70.986328125,6635706624.0,95.25332999328384
68,LayerNorm,1536,0.005859375,151296,0.5771484375,151296.0,0.12061499728588387,"[[1, 197, 768]]","[[1, 197, 768]]",33672192,128.44921875,71.5634765625,6635857920.0,95.37394499056973
69,Linear,2362368,9.01171875,605184,2.30859375,464781312.0,6.772206001187442,"[[1, 197, 768]]","[[1, 197, 3072]]",36034560,137.4609375,73.8720703125,7100639232.0,102.14615099175717
70,GELU,0,0.0,605184,2.30859375,605184.0,0.4166020007687621,"[[1, 197, 3072]]","[[1, 197, 3072]]",36034560,137.4609375,76.1806640625,7101244416.0,102.56275299252593
71,Dropout,0,0.0,605184,2.30859375,605184.0,0.030938997952034697,"[[1, 197, 3072]]","[[1, 197, 3072]]",36034560,137.4609375,78.4892578125,7101849600.0,102.59369199047796
72,Linear,2360064,9.0029296875,151296,0.5771484375,464781312.0,4.942719999235123,"[[1, 197, 3072]]","[[1, 197, 768]]",38394624,146.4638671875,79.06640625,7566630912.0,107.53641198971309
73,Dropout,0,0.0,151296,0.5771484375,151296.0,0.0295429999823682,"[[1, 197, 768]]","[[1, 197, 768]]",38394624,146.4638671875,79.6435546875,7566782208.0,107.56595498969546
74,LayerNorm,1536,0.005859375,151296,0.5771484375,151296.0,0.10560000009718351,"[[1, 197, 768]]","[[1, 197, 768]]",38396160,146.4697265625,80.220703125,7566933504.0,107.67155498979264
76,Dropout,0,0.0,151296,0.5771484375,151296.0,0.03764500070246868,"[[1, 197, 768]]","[[1, 197, 768]]",38396160,146.4697265625,80.7978515625,7567084800.0,107.70919999049511
77,LayerNorm,1536,0.005859375,151296,0.5771484375,151296.0,0.09114299973589368,"[[1, 197, 768]]","[[1, 197, 768]]",38397696,146.4755859375,81.375,7567236096.0,107.800342990231
78,Linear,2362368,9.01171875,605184,2.30859375,464781312.0,6.637901999056339,"[[1, 197, 768]]","[[1, 197, 3072]]",40760064,155.4873046875,83.68359375,8032017408.0,114.43824498928734
79,GELU,0,0.0,605184,2.30859375,605184.0,0.360099998943042,"[[1, 197, 3072]]","[[1, 197, 3072]]",40760064,155.4873046875,85.9921875,8032622592.0,114.79834498823038
80,Dropout,0,0.0,605184,2.30859375,605184.0,0.030030998459551483,"[[1, 197, 3072]]","[[1, 197, 3072]]",40760064,155.4873046875,88.30078125,8033227776.0,114.82837598668993
81,Linear,2360064,9.0029296875,151296,0.5771484375,464781312.0,5.155945000296924,"[[1, 197, 3072]]","[[1, 197, 768]]",43120128,164.490234375,88.8779296875,8498009088.0,119.98432098698686
82,Dropout,0,0.0,151296,0.5771484375,151296.0,0.03869200008921325,"[[1, 197, 768]]","[[1, 197, 768]]",43120128,164.490234375,89.455078125,8498160384.0,120.02301298707607
83,LayerNorm,1536,0.005859375,151296,0.5771484375,151296.0,0.11014000119757839,"[[1, 197, 768]]","[[1, 197, 768]]",43121664,164.49609375,90.0322265625,8498311680.0,120.13315298827365
85,Dropout,0,0.0,151296,0.5771484375,151296.0,0.04700299905380234,"[[1, 197, 768]]","[[1, 197, 768]]",43121664,164.49609375,90.609375,8498462976.0,120.18015598732745
86,LayerNorm,1536,0.005859375,151296,0.5771484375,151296.0,0.11831099982373416,"[[1, 197, 768]]","[[1, 197, 768]]",43123200,164.501953125,91.1865234375,8498614272.0,120.29846698715119
87,Linear,2362368,9.01171875,605184,2.30859375,464781312.0,7.172604000516003,"[[1, 197, 768]]","[[1, 197, 3072]]",45485568,173.513671875,93.4951171875,8963395584.0,127.47107098766719
88,GELU,0,0.0,605184,2.30859375,605184.0,0.5055090005043894,"[[1, 197, 3072]]","[[1, 197, 3072]]",45485568,173.513671875,95.8037109375,8964000768.0,127.97657998817158
89,Dropout,0,0.0,605184,2.30859375,605184.0,0.04155499846092425,"[[1, 197, 3072]]","[[1, 197, 3072]]",45485568,173.513671875,98.1123046875,8964605952.0,128.0181349866325
90,Linear,2360064,9.0029296875,151296,0.5771484375,464781312.0,5.714463997719577,"[[1, 197, 3072]]","[[1, 197, 768]]",47845632,182.5166015625,98.689453125,9429387264.0,133.73259898435208
91,Dropout,0,0.0,151296,0.5771484375,151296.0,0.039599999581696466,"[[1, 197, 768]]","[[1, 197, 768]]",47845632,182.5166015625,99.2666015625,9429538560.0,133.77219898393378
92,LayerNorm,1536,0.005859375,151296,0.5771484375,151296.0,0.17502199989394285,"[[1, 197, 768]]","[[1, 197, 768]]",47847168,182.5224609375,99.84375,9429689856.0,133.94722098382772
94,Dropout,0,0.0,151296,0.5771484375,151296.0,0.03848300184472464,"[[1, 197, 768]]","[[1, 197, 768]]",47847168,182.5224609375,100.4208984375,9429841152.0,133.98570398567244
95,LayerNorm,1536,0.005859375,151296,0.5771484375,151296.0,0.09931400200002827,"[[1, 197, 768]]","[[1, 197, 768]]",47848704,182.5283203125,100.998046875,9429992448.0,134.08501798767247
96,Linear,2362368,9.01171875,605184,2.30859375,464781312.0,6.9940210014465265,"[[1, 197, 768]]","[[1, 197, 3072]]",50211072,191.5400390625,103.306640625,9894773760.0,141.079038989119
97,GELU,0,0.0,605184,2.30859375,605184.0,0.4451670029084198,"[[1, 197, 3072]]","[[1, 197, 3072]]",50211072,191.5400390625,105.615234375,9895378944.0,141.52420599202742
98,Dropout,0,0.0,605184,2.30859375,605184.0,0.03240600199205801,"[[1, 197, 3072]]","[[1, 197, 3072]]",50211072,191.5400390625,107.923828125,9895984128.0,141.55661199401948
99,Linear,2360064,9.0029296875,151296,0.5771484375,464781312.0,5.419593999249628,"[[1, 197, 3072]]","[[1, 197, 768]]",52571136,200.54296875,108.5009765625,10360765440.0,146.9762059932691
100,Dropout,0,0.0,151296,0.5771484375,151296.0,0.03003200254170224,"[[1, 197, 768]]","[[1, 197, 768]]",52571136,200.54296875,109.078125,10360916736.0,147.0062379958108
101,LayerNorm,1536,0.005859375,151296,0.5771484375,151296.0,0.11279300088062882,"[[1, 197, 768]]","[[1, 197, 768]]",52572672,200.548828125,109.6552734375,10361068032.0,147.11903099669144
103,Dropout,0,0.0,151296,0.5771484375,151296.0,0.04099600118934177,"[[1, 197, 768]]","[[1, 197, 768]]",52572672,200.548828125,110.232421875,10361219328.0,147.16002699788078
104,LayerNorm,1536,0.005859375,151296,0.5771484375,151296.0,0.12033600069116801,"[[1, 197, 768]]","[[1, 197, 768]]",52574208,200.5546875,110.8095703125,10361370624.0,147.28036299857195
105,Linear,2362368,9.01171875,605184,2.30859375,464781312.0,6.888282001455082,"[[1, 197, 768]]","[[1, 197, 3072]]",54936576,209.56640625,113.1181640625,10826151936.0,154.16864500002703
106,GELU,0,0.0,605184,2.30859375,605184.0,0.419395997596439,"[[1, 197, 3072]]","[[1, 197, 3072]]",54936576,209.56640625,115.4267578125,10826757120.0,154.58804099762347
107,Dropout,0,0.0,605184,2.30859375,605184.0,0.06453300011344254,"[[1, 197, 3072]]","[[1, 197, 3072]]",54936576,209.56640625,117.7353515625,10827362304.0,154.6525739977369
108,Linear,2360064,9.0029296875,151296,0.5771484375,464781312.0,5.715719998988789,"[[1, 197, 3072]]","[[1, 197, 768]]",57296640,218.5693359375,118.3125,11292143616.0,160.3682939967257
109,Dropout,0,0.0,151296,0.5771484375,151296.0,0.028145001124357805,"[[1, 197, 768]]","[[1, 197, 768]]",57296640,218.5693359375,118.8896484375,11292294912.0,160.39643899785005
110,LayerNorm,1536,0.005859375,151296,0.5771484375,151296.0,0.11265400098636746,"[[1, 197, 768]]","[[1, 197, 768]]",57298176,218.5751953125,119.466796875,11292446208.0,160.50909299883642
111,Linear,769000,2.933502197265625,1000,0.003814697265625,768000.0,0.3552819980541244,"[[1, 768]]","[[1, 1000]]",58067176,221.50869750976562,119.47061157226562,11293214208.0,160.86437499689055
